<?xml version="1.0" encoding="UTF-8"?>
<cus:Customizations xmlns:cus="http://www.bea.com/wli/config/customizations" xmlns:xsi="http://www.w3.org/2001/XMLSchema-instance" xmlns:xt="http://www.bea.com/wli/config/xmltypes">
  <cus:customization xsi:type="cus:EnvValueCustomizationType">
    <cus:description/>
    <cus:envValueAssignments>
      <xt:envValueType>Service URI Weight</xt:envValueType>
      <xt:location>0</xt:location>
      <xt:owner>
        <xt:type>BusinessService</xt:type>
        <xt:path>OSB_Juliano_Cervelin/Services/Business/gerarTicketEJB</xt:path>
      </xt:owner>
      <xt:value xsi:type="xs:string" xmlns:xs="http://www.w3.org/2001/XMLSchema">0</xt:value>
    </cus:envValueAssignments>
    <cus:envValueAssignments>
      <xt:envValueType>Service URI</xt:envValueType>
      <xt:location>0</xt:location>
      <xt:owner>
        <xt:type>BusinessService</xt:type>
        <xt:path>OSB_Juliano_Cervelin/Services/Business/gerarTicketEJB</xt:path>
      </xt:owner>
      <xt:value xsi:type="xs:string" xmlns:xs="http://www.w3.org/2001/XMLSchema">ejb:JNDIProviderAPT_Juliano:geraTicket#br.com.acme.inovix.geraticket.GeraTicketRemote</xt:value>
    </cus:envValueAssignments>
    <cus:envValueAssignments>
      <xt:envValueType>Service URI Table</xt:envValueType>
      <xt:location xsi:nil="true"/>
      <xt:owner>
        <xt:type>BusinessService</xt:type>
        <xt:path>OSB_Juliano_Cervelin/Services/Business/gerarTicketEJB</xt:path>
      </xt:owner>
      <xt:value>
        <tableElement xmlns="http://www.bea.com/wli/sb/transports">
          <URI>ejb:JNDIProviderAPT_Juliano:geraTicket#br.com.acme.inovix.geraticket.GeraTicketRemote</URI>
          <weight>0</weight>
        </tableElement>
      </xt:value>
    </cus:envValueAssignments>
    <cus:envValueAssignments>
      <xt:envValueType>Service Retry Count</xt:envValueType>
      <xt:location xsi:nil="true"/>
      <xt:owner>
        <xt:type>BusinessService</xt:type>
        <xt:path>OSB_Juliano_Cervelin/Services/Business/gerarTicketEJB</xt:path>
      </xt:owner>
      <xt:value xsi:type="xs:string" xmlns:xs="http://www.w3.org/2001/XMLSchema">0</xt:value>
    </cus:envValueAssignments>
    <cus:envValueAssignments>
      <xt:envValueType>Service Retry Iteration Interval</xt:envValueType>
      <xt:location xsi:nil="true"/>
      <xt:owner>
        <xt:type>BusinessService</xt:type>
        <xt:path>OSB_Juliano_Cervelin/Services/Business/gerarTicketEJB</xt:path>
      </xt:owner>
      <xt:value xsi:type="xs:string" xmlns:xs="http://www.w3.org/2001/XMLSchema">30</xt:value>
    </cus:envValueAssignments>
    <cus:envValueAssignments>
      <xt:envValueType>Service URI Weight</xt:envValueType>
      <xt:location>0</xt:location>
      <xt:owner>
        <xt:type>BusinessService</xt:type>
        <xt:path>OSB_Juliano_Cervelin/Services/Business/SolicitarPortabilidadeNumerica</xt:path>
      </xt:owner>
      <xt:value xsi:type="xs:string" xmlns:xs="http://www.w3.org/2001/XMLSchema">0</xt:value>
    </cus:envValueAssignments>
    <cus:envValueAssignments>
      <xt:envValueType>Service URI</xt:envValueType>
      <xt:location>0</xt:location>
      <xt:owner>
        <xt:type>BusinessService</xt:type>
        <xt:path>OSB_Juliano_Cervelin/Services/Business/SolicitarPortabilidadeNumerica</xt:path>
      </xt:owner>
      <xt:value xsi:type="xs:string" xmlns:xs="http://www.w3.org/2001/XMLSchema">jms://sodio.sysmap.com.br:7001/ConnectionFactory-Curso-SOA-Juliano/Queue-Curso-SOA-Juliano</xt:value>
    </cus:envValueAssignments>
    <cus:envValueAssignments>
      <xt:envValueType>Service URI Table</xt:envValueType>
      <xt:location xsi:nil="true"/>
      <xt:owner>
        <xt:type>BusinessService</xt:type>
        <xt:path>OSB_Juliano_Cervelin/Services/Business/SolicitarPortabilidadeNumerica</xt:path>
      </xt:owner>
      <xt:value>
        <tableElement xmlns="http://www.bea.com/wli/sb/transports">
          <URI>jms://sodio.sysmap.com.br:7001/ConnectionFactory-Curso-SOA-Juliano/Queue-Curso-SOA-Juliano</URI>
          <weight>0</weight>
        </tableElement>
      </xt:value>
    </cus:envValueAssignments>
    <cus:envValueAssignments>
      <xt:envValueType>Service Retry Count</xt:envValueType>
      <xt:location xsi:nil="true"/>
      <xt:owner>
        <xt:type>BusinessService</xt:type>
        <xt:path>OSB_Juliano_Cervelin/Services/Business/SolicitarPortabilidadeNumerica</xt:path>
      </xt:owner>
      <xt:value xsi:type="xs:string" xmlns:xs="http://www.w3.org/2001/XMLSchema">0</xt:value>
    </cus:envValueAssignments>
    <cus:envValueAssignments>
      <xt:envValueType>Service Retry Iteration Interval</xt:envValueType>
      <xt:location xsi:nil="true"/>
      <xt:owner>
        <xt:type>BusinessService</xt:type>
        <xt:path>OSB_Juliano_Cervelin/Services/Business/SolicitarPortabilidadeNumerica</xt:path>
      </xt:owner>
      <xt:value xsi:type="xs:string" xmlns:xs="http://www.w3.org/2001/XMLSchema">30</xt:value>
    </cus:envValueAssignments>
    <cus:envValueAssignments>
      <xt:envValueType>Secure Connections to JMS Server</xt:envValueType>
      <xt:location xsi:nil="true"/>
      <xt:owner>
        <xt:type>BusinessService</xt:type>
        <xt:path>OSB_Juliano_Cervelin/Services/Business/SolicitarPortabilidadeNumerica</xt:path>
      </xt:owner>
      <xt:value xsi:type="xs:string" xmlns:xs="http://www.w3.org/2001/XMLSchema">false</xt:value>
    </cus:envValueAssignments>
    <cus:envValueAssignments>
      <xt:envValueType>UDDI Auto Publish</xt:envValueType>
      <xt:location xsi:nil="true"/>
      <xt:owner>
        <xt:type>ProxyService</xt:type>
        <xt:path>OSB_Juliano_Cervelin/Resources/Legacy/Services/Proxies/Operations/ObterStatusFinanceiroCliente</xt:path>
      </xt:owner>
      <xt:value xsi:type="xs:string" xmlns:xs="http://www.w3.org/2001/XMLSchema">false</xt:value>
    </cus:envValueAssignments>
    <cus:envValueAssignments>
      <xt:envValueType>UDDI Auto Publish</xt:envValueType>
      <xt:location xsi:nil="true"/>
      <xt:owner>
        <xt:type>ProxyService</xt:type>
        <xt:path>OSB_Juliano_Cervelin/Resources/Legacy/Services/Proxies/Operations/SolicitarBilhetePortabilidade</xt:path>
      </xt:owner>
      <xt:value xsi:type="xs:string" xmlns:xs="http://www.w3.org/2001/XMLSchema">false</xt:value>
    </cus:envValueAssignments>
    <cus:envValueAssignments>
      <xt:envValueType>Service URI</xt:envValueType>
      <xt:location xsi:nil="true"/>
      <xt:owner>
        <xt:type>ProxyService</xt:type>
        <xt:path>OSB_Juliano_Cervelin/Resources/Legacy/Services/Proxies/Operations/SolicitarBilhetePortabilidade</xt:path>
      </xt:owner>
      <xt:value xsi:type="xs:string" xmlns:xs="http://www.w3.org/2001/XMLSchema">/OSB_Juliano_Cervelin/Resources/Legacy/Services/Proxies/Operations/SolicitarBilhetePortabilidade</xt:value>
    </cus:envValueAssignments>
    <cus:envValueAssignments>
      <xt:envValueType>Service URI Weight</xt:envValueType>
      <xt:location>0</xt:location>
      <xt:owner>
        <xt:type>BusinessService</xt:type>
        <xt:path>OSB_Juliano_Cervelin/Resources/Legacy/Services/Business/getCustomerByCpf_db</xt:path>
      </xt:owner>
      <xt:value xsi:type="xs:string" xmlns:xs="http://www.w3.org/2001/XMLSchema">0</xt:value>
    </cus:envValueAssignments>
    <cus:envValueAssignments>
      <xt:envValueType>Service URI</xt:envValueType>
      <xt:location>0</xt:location>
      <xt:owner>
        <xt:type>BusinessService</xt:type>
        <xt:path>OSB_Juliano_Cervelin/Resources/Legacy/Services/Business/getCustomerByCpf_db</xt:path>
      </xt:owner>
      <xt:value xsi:type="xs:string" xmlns:xs="http://www.w3.org/2001/XMLSchema">jca://eis/DB/INOVIX/Juliano</xt:value>
    </cus:envValueAssignments>
    <cus:envValueAssignments>
      <xt:envValueType>Service URI Table</xt:envValueType>
      <xt:location xsi:nil="true"/>
      <xt:owner>
        <xt:type>BusinessService</xt:type>
        <xt:path>OSB_Juliano_Cervelin/Resources/Legacy/Services/Business/getCustomerByCpf_db</xt:path>
      </xt:owner>
      <xt:value>
        <tableElement xmlns="http://www.bea.com/wli/sb/transports">
          <URI>jca://eis/DB/INOVIX/Juliano</URI>
          <weight>0</weight>
        </tableElement>
      </xt:value>
    </cus:envValueAssignments>
    <cus:envValueAssignments>
      <xt:envValueType>Service Retry Count</xt:envValueType>
      <xt:location xsi:nil="true"/>
      <xt:owner>
        <xt:type>BusinessService</xt:type>
        <xt:path>OSB_Juliano_Cervelin/Resources/Legacy/Services/Business/getCustomerByCpf_db</xt:path>
      </xt:owner>
      <xt:value xsi:type="xs:string" xmlns:xs="http://www.w3.org/2001/XMLSchema">0</xt:value>
    </cus:envValueAssignments>
    <cus:envValueAssignments>
      <xt:envValueType>Service Retry Iteration Interval</xt:envValueType>
      <xt:location xsi:nil="true"/>
      <xt:owner>
        <xt:type>BusinessService</xt:type>
        <xt:path>OSB_Juliano_Cervelin/Resources/Legacy/Services/Business/getCustomerByCpf_db</xt:path>
      </xt:owner>
      <xt:value xsi:type="xs:string" xmlns:xs="http://www.w3.org/2001/XMLSchema">30</xt:value>
    </cus:envValueAssignments>
    <cus:envValueAssignments>
      <xt:envValueType>JCA Always Use WSDL Flag</xt:envValueType>
      <xt:location xsi:nil="true"/>
      <xt:owner>
        <xt:type>BusinessService</xt:type>
        <xt:path>OSB_Juliano_Cervelin/Resources/Legacy/Services/Business/getCustomerByCpf_db</xt:path>
      </xt:owner>
      <xt:value xsi:type="xs:string" xmlns:xs="http://www.w3.org/2001/XMLSchema">true</xt:value>
    </cus:envValueAssignments>
    <cus:envValueAssignments>
      <xt:envValueType>JCA Connection Mode</xt:envValueType>
      <xt:location xsi:nil="true"/>
      <xt:owner>
        <xt:type>BusinessService</xt:type>
        <xt:path>OSB_Juliano_Cervelin/Resources/Legacy/Services/Business/getCustomerByCpf_db</xt:path>
      </xt:owner>
      <xt:value xsi:type="xs:string" xmlns:xs="http://www.w3.org/2001/XMLSchema">managed</xt:value>
    </cus:envValueAssignments>
    <cus:envValueAssignments>
      <xt:envValueType>JCA Overwrite Connection Authentication Flag</xt:envValueType>
      <xt:location xsi:nil="true"/>
      <xt:owner>
        <xt:type>BusinessService</xt:type>
        <xt:path>OSB_Juliano_Cervelin/Resources/Legacy/Services/Business/getCustomerByCpf_db</xt:path>
      </xt:owner>
      <xt:value xsi:type="xs:string" xmlns:xs="http://www.w3.org/2001/XMLSchema">false</xt:value>
    </cus:envValueAssignments>
    <cus:envValueAssignments>
      <xt:envValueType>UDDI Auto Publish</xt:envValueType>
      <xt:location xsi:nil="true"/>
      <xt:owner>
        <xt:type>ProxyService</xt:type>
        <xt:path>OSB_Juliano_Cervelin/Resources/Legacy/Services/Proxies/APTService</xt:path>
      </xt:owner>
      <xt:value xsi:type="xs:string" xmlns:xs="http://www.w3.org/2001/XMLSchema">false</xt:value>
    </cus:envValueAssignments>
    <cus:envValueAssignments>
      <xt:envValueType>Service URI</xt:envValueType>
      <xt:location xsi:nil="true"/>
      <xt:owner>
        <xt:type>ProxyService</xt:type>
        <xt:path>OSB_Juliano_Cervelin/Resources/Legacy/Services/Proxies/APTService</xt:path>
      </xt:owner>
      <xt:value xsi:type="xs:string" xmlns:xs="http://www.w3.org/2001/XMLSchema">/OSB_Juliano_Cervelin/Resources/Legacy/Services/Proxies/APTService</xt:value>
    </cus:envValueAssignments>
    <cus:envValueAssignments>
      <xt:envValueType>UDDI Auto Publish</xt:envValueType>
      <xt:location xsi:nil="true"/>
      <xt:owner>
        <xt:type>ProxyService</xt:type>
        <xt:path>OSB_Juliano_Cervelin/Resources/Legacy/Services/Proxies/Operations/UpdateCustomer</xt:path>
      </xt:owner>
      <xt:value xsi:type="xs:string" xmlns:xs="http://www.w3.org/2001/XMLSchema">false</xt:value>
    </cus:envValueAssignments>
    <cus:envValueAssignments>
      <xt:envValueType>UDDI Auto Publish</xt:envValueType>
      <xt:location xsi:nil="true"/>
      <xt:owner>
        <xt:type>ProxyService</xt:type>
        <xt:path>OSB_Juliano_Cervelin/Resources/Legacy/Services/Proxies/Operations/ObterDadosConta</xt:path>
      </xt:owner>
      <xt:value xsi:type="xs:string" xmlns:xs="http://www.w3.org/2001/XMLSchema">false</xt:value>
    </cus:envValueAssignments>
    <cus:envValueAssignments>
      <xt:envValueType>UDDI Auto Publish</xt:envValueType>
      <xt:location xsi:nil="true"/>
      <xt:owner>
        <xt:type>ProxyService</xt:type>
        <xt:path>OSB_Juliano_Cervelin/Resources/Legacy/Services/Proxies/Operations/GetCustomerByCPF</xt:path>
      </xt:owner>
      <xt:value xsi:type="xs:string" xmlns:xs="http://www.w3.org/2001/XMLSchema">false</xt:value>
    </cus:envValueAssignments>
    <cus:envValueAssignments>
      <xt:envValueType>UDDI Auto Publish</xt:envValueType>
      <xt:location xsi:nil="true"/>
      <xt:owner>
        <xt:type>ProxyService</xt:type>
        <xt:path>OSB_Juliano_Cervelin/Resources/Legacy/Services/Proxies/KGBService</xt:path>
      </xt:owner>
      <xt:value xsi:type="xs:string" xmlns:xs="http://www.w3.org/2001/XMLSchema">false</xt:value>
    </cus:envValueAssignments>
    <cus:envValueAssignments>
      <xt:envValueType>Service URI</xt:envValueType>
      <xt:location xsi:nil="true"/>
      <xt:owner>
        <xt:type>ProxyService</xt:type>
        <xt:path>OSB_Juliano_Cervelin/Resources/Legacy/Services/Proxies/KGBService</xt:path>
      </xt:owner>
      <xt:value xsi:type="xs:string" xmlns:xs="http://www.w3.org/2001/XMLSchema">/OSB_Juliano_Cervelin/Resources/Legacy/Services/Proxies/KGBService</xt:value>
    </cus:envValueAssignments>
    <cus:envValueAssignments>
      <xt:envValueType>Service URI Weight</xt:envValueType>
      <xt:location>0</xt:location>
      <xt:owner>
        <xt:type>BusinessService</xt:type>
        <xt:path>OSB_Juliano_Cervelin/Resources/Legacy/Services/Business/obterStatusFinanceiroCliente_db</xt:path>
      </xt:owner>
      <xt:value xsi:type="xs:string" xmlns:xs="http://www.w3.org/2001/XMLSchema">0</xt:value>
    </cus:envValueAssignments>
    <cus:envValueAssignments>
      <xt:envValueType>Service URI</xt:envValueType>
      <xt:location>0</xt:location>
      <xt:owner>
        <xt:type>BusinessService</xt:type>
        <xt:path>OSB_Juliano_Cervelin/Resources/Legacy/Services/Business/obterStatusFinanceiroCliente_db</xt:path>
      </xt:owner>
      <xt:value xsi:type="xs:string" xmlns:xs="http://www.w3.org/2001/XMLSchema">jca://eis/DB/INOVIX/Juliano</xt:value>
    </cus:envValueAssignments>
    <cus:envValueAssignments>
      <xt:envValueType>Service URI Table</xt:envValueType>
      <xt:location xsi:nil="true"/>
      <xt:owner>
        <xt:type>BusinessService</xt:type>
        <xt:path>OSB_Juliano_Cervelin/Resources/Legacy/Services/Business/obterStatusFinanceiroCliente_db</xt:path>
      </xt:owner>
      <xt:value>
        <tableElement xmlns="http://www.bea.com/wli/sb/transports">
          <URI>jca://eis/DB/INOVIX/Juliano</URI>
          <weight>0</weight>
        </tableElement>
      </xt:value>
    </cus:envValueAssignments>
    <cus:envValueAssignments>
      <xt:envValueType>Service Retry Count</xt:envValueType>
      <xt:location xsi:nil="true"/>
      <xt:owner>
        <xt:type>BusinessService</xt:type>
        <xt:path>OSB_Juliano_Cervelin/Resources/Legacy/Services/Business/obterStatusFinanceiroCliente_db</xt:path>
      </xt:owner>
      <xt:value xsi:type="xs:string" xmlns:xs="http://www.w3.org/2001/XMLSchema">0</xt:value>
    </cus:envValueAssignments>
    <cus:envValueAssignments>
      <xt:envValueType>Service Retry Iteration Interval</xt:envValueType>
      <xt:location xsi:nil="true"/>
      <xt:owner>
        <xt:type>BusinessService</xt:type>
        <xt:path>OSB_Juliano_Cervelin/Resources/Legacy/Services/Business/obterStatusFinanceiroCliente_db</xt:path>
      </xt:owner>
      <xt:value xsi:type="xs:string" xmlns:xs="http://www.w3.org/2001/XMLSchema">30</xt:value>
    </cus:envValueAssignments>
    <cus:envValueAssignments>
      <xt:envValueType>JCA Always Use WSDL Flag</xt:envValueType>
      <xt:location xsi:nil="true"/>
      <xt:owner>
        <xt:type>BusinessService</xt:type>
        <xt:path>OSB_Juliano_Cervelin/Resources/Legacy/Services/Business/obterStatusFinanceiroCliente_db</xt:path>
      </xt:owner>
      <xt:value xsi:type="xs:string" xmlns:xs="http://www.w3.org/2001/XMLSchema">true</xt:value>
    </cus:envValueAssignments>
    <cus:envValueAssignments>
      <xt:envValueType>JCA Connection Mode</xt:envValueType>
      <xt:location xsi:nil="true"/>
      <xt:owner>
        <xt:type>BusinessService</xt:type>
        <xt:path>OSB_Juliano_Cervelin/Resources/Legacy/Services/Business/obterStatusFinanceiroCliente_db</xt:path>
      </xt:owner>
      <xt:value xsi:type="xs:string" xmlns:xs="http://www.w3.org/2001/XMLSchema">managed</xt:value>
    </cus:envValueAssignments>
    <cus:envValueAssignments>
      <xt:envValueType>JCA Overwrite Connection Authentication Flag</xt:envValueType>
      <xt:location xsi:nil="true"/>
      <xt:owner>
        <xt:type>BusinessService</xt:type>
        <xt:path>OSB_Juliano_Cervelin/Resources/Legacy/Services/Business/obterStatusFinanceiroCliente_db</xt:path>
      </xt:owner>
      <xt:value xsi:type="xs:string" xmlns:xs="http://www.w3.org/2001/XMLSchema">false</xt:value>
    </cus:envValueAssignments>
    <cus:envValueAssignments>
      <xt:envValueType>UDDI Auto Publish</xt:envValueType>
      <xt:location xsi:nil="true"/>
      <xt:owner>
        <xt:type>ProxyService</xt:type>
        <xt:path>OSB_Juliano_Cervelin/Resources/Legacy/Services/Proxies/YUMService</xt:path>
      </xt:owner>
      <xt:value xsi:type="xs:string" xmlns:xs="http://www.w3.org/2001/XMLSchema">false</xt:value>
    </cus:envValueAssignments>
    <cus:envValueAssignments>
      <xt:envValueType>Service URI</xt:envValueType>
      <xt:location xsi:nil="true"/>
      <xt:owner>
        <xt:type>ProxyService</xt:type>
        <xt:path>OSB_Juliano_Cervelin/Resources/Legacy/Services/Proxies/YUMService</xt:path>
      </xt:owner>
      <xt:value xsi:type="xs:string" xmlns:xs="http://www.w3.org/2001/XMLSchema">/OSB_Juliano_Cervelin/Services/Proxies/YUMService</xt:value>
    </cus:envValueAssignments>
    <cus:envValueAssignments>
      <xt:envValueType>UDDI Auto Publish</xt:envValueType>
      <xt:location xsi:nil="true"/>
      <xt:owner>
        <xt:type>ProxyService</xt:type>
        <xt:path>OSB_Juliano_Cervelin/Services/Proxies/INOVIXService</xt:path>
      </xt:owner>
      <xt:value xsi:type="xs:string" xmlns:xs="http://www.w3.org/2001/XMLSchema">false</xt:value>
    </cus:envValueAssignments>
    <cus:envValueAssignments>
      <xt:envValueType>Service URI</xt:envValueType>
      <xt:location xsi:nil="true"/>
      <xt:owner>
        <xt:type>ProxyService</xt:type>
        <xt:path>OSB_Juliano_Cervelin/Services/Proxies/INOVIXService</xt:path>
      </xt:owner>
      <xt:value xsi:type="xs:string" xmlns:xs="http://www.w3.org/2001/XMLSchema">/OSB_Juliano_Cervelin/Services/Proxies/INOVIXService</xt:value>
    </cus:envValueAssignments>
    <cus:envValueAssignments>
      <xt:envValueType>Service URI Weight</xt:envValueType>
      <xt:location>0</xt:location>
      <xt:owner>
        <xt:type>BusinessService</xt:type>
        <xt:path>OSB_Juliano_Cervelin/Resources/Legacy/Services/Business/updateStatusPortabilidade_db</xt:path>
      </xt:owner>
      <xt:value xsi:type="xs:string" xmlns:xs="http://www.w3.org/2001/XMLSchema">0</xt:value>
    </cus:envValueAssignments>
    <cus:envValueAssignments>
      <xt:envValueType>Service URI</xt:envValueType>
      <xt:location>0</xt:location>
      <xt:owner>
        <xt:type>BusinessService</xt:type>
        <xt:path>OSB_Juliano_Cervelin/Resources/Legacy/Services/Business/updateStatusPortabilidade_db</xt:path>
      </xt:owner>
      <xt:value xsi:type="xs:string" xmlns:xs="http://www.w3.org/2001/XMLSchema">jca://eis/DB/INOVIX/Juliano</xt:value>
    </cus:envValueAssignments>
    <cus:envValueAssignments>
      <xt:envValueType>Service URI Table</xt:envValueType>
      <xt:location xsi:nil="true"/>
      <xt:owner>
        <xt:type>BusinessService</xt:type>
        <xt:path>OSB_Juliano_Cervelin/Resources/Legacy/Services/Business/updateStatusPortabilidade_db</xt:path>
      </xt:owner>
      <xt:value>
        <tableElement xmlns="http://www.bea.com/wli/sb/transports">
          <URI>jca://eis/DB/INOVIX/Juliano</URI>
          <weight>0</weight>
        </tableElement>
      </xt:value>
    </cus:envValueAssignments>
    <cus:envValueAssignments>
      <xt:envValueType>Service Retry Count</xt:envValueType>
      <xt:location xsi:nil="true"/>
      <xt:owner>
        <xt:type>BusinessService</xt:type>
        <xt:path>OSB_Juliano_Cervelin/Resources/Legacy/Services/Business/updateStatusPortabilidade_db</xt:path>
      </xt:owner>
      <xt:value xsi:type="xs:string" xmlns:xs="http://www.w3.org/2001/XMLSchema">0</xt:value>
    </cus:envValueAssignments>
    <cus:envValueAssignments>
      <xt:envValueType>Service Retry Iteration Interval</xt:envValueType>
      <xt:location xsi:nil="true"/>
      <xt:owner>
        <xt:type>BusinessService</xt:type>
        <xt:path>OSB_Juliano_Cervelin/Resources/Legacy/Services/Business/updateStatusPortabilidade_db</xt:path>
      </xt:owner>
      <xt:value xsi:type="xs:string" xmlns:xs="http://www.w3.org/2001/XMLSchema">30</xt:value>
    </cus:envValueAssignments>
    <cus:envValueAssignments>
      <xt:envValueType>JCA Always Use WSDL Flag</xt:envValueType>
      <xt:location xsi:nil="true"/>
      <xt:owner>
        <xt:type>BusinessService</xt:type>
        <xt:path>OSB_Juliano_Cervelin/Resources/Legacy/Services/Business/updateStatusPortabilidade_db</xt:path>
      </xt:owner>
      <xt:value xsi:type="xs:string" xmlns:xs="http://www.w3.org/2001/XMLSchema">true</xt:value>
    </cus:envValueAssignments>
    <cus:envValueAssignments>
      <xt:envValueType>JCA Connection Mode</xt:envValueType>
      <xt:location xsi:nil="true"/>
      <xt:owner>
        <xt:type>BusinessService</xt:type>
        <xt:path>OSB_Juliano_Cervelin/Resources/Legacy/Services/Business/updateStatusPortabilidade_db</xt:path>
      </xt:owner>
      <xt:value xsi:type="xs:string" xmlns:xs="http://www.w3.org/2001/XMLSchema">managed</xt:value>
    </cus:envValueAssignments>
    <cus:envValueAssignments>
      <xt:envValueType>JCA Overwrite Connection Authentication Flag</xt:envValueType>
      <xt:location xsi:nil="true"/>
      <xt:owner>
        <xt:type>BusinessService</xt:type>
        <xt:path>OSB_Juliano_Cervelin/Resources/Legacy/Services/Business/updateStatusPortabilidade_db</xt:path>
      </xt:owner>
      <xt:value xsi:type="xs:string" xmlns:xs="http://www.w3.org/2001/XMLSchema">false</xt:value>
    </cus:envValueAssignments>
    <cus:envValueAssignments>
      <xt:envValueType>Service URI Weight</xt:envValueType>
      <xt:location>0</xt:location>
      <xt:owner>
        <xt:type>BusinessService</xt:type>
        <xt:path>OSB_Juliano_Cervelin/Resources/Legacy/Services/Business/obterDadosConta_db</xt:path>
      </xt:owner>
      <xt:value xsi:type="xs:string" xmlns:xs="http://www.w3.org/2001/XMLSchema">0</xt:value>
    </cus:envValueAssignments>
    <cus:envValueAssignments>
      <xt:envValueType>Service URI</xt:envValueType>
      <xt:location>0</xt:location>
      <xt:owner>
        <xt:type>BusinessService</xt:type>
        <xt:path>OSB_Juliano_Cervelin/Resources/Legacy/Services/Business/obterDadosConta_db</xt:path>
      </xt:owner>
      <xt:value xsi:type="xs:string" xmlns:xs="http://www.w3.org/2001/XMLSchema">jca://eis/DB/INOVIX/Juliano</xt:value>
    </cus:envValueAssignments>
    <cus:envValueAssignments>
      <xt:envValueType>Service URI Table</xt:envValueType>
      <xt:location xsi:nil="true"/>
      <xt:owner>
        <xt:type>BusinessService</xt:type>
        <xt:path>OSB_Juliano_Cervelin/Resources/Legacy/Services/Business/obterDadosConta_db</xt:path>
      </xt:owner>
      <xt:value>
        <tableElement xmlns="http://www.bea.com/wli/sb/transports">
          <URI>jca://eis/DB/INOVIX/Juliano</URI>
          <weight>0</weight>
        </tableElement>
      </xt:value>
    </cus:envValueAssignments>
    <cus:envValueAssignments>
      <xt:envValueType>Service Retry Count</xt:envValueType>
      <xt:location xsi:nil="true"/>
      <xt:owner>
        <xt:type>BusinessService</xt:type>
        <xt:path>OSB_Juliano_Cervelin/Resources/Legacy/Services/Business/obterDadosConta_db</xt:path>
      </xt:owner>
      <xt:value xsi:type="xs:string" xmlns:xs="http://www.w3.org/2001/XMLSchema">0</xt:value>
    </cus:envValueAssignments>
    <cus:envValueAssignments>
      <xt:envValueType>Service Retry Iteration Interval</xt:envValueType>
      <xt:location xsi:nil="true"/>
      <xt:owner>
        <xt:type>BusinessService</xt:type>
        <xt:path>OSB_Juliano_Cervelin/Resources/Legacy/Services/Business/obterDadosConta_db</xt:path>
      </xt:owner>
      <xt:value xsi:type="xs:string" xmlns:xs="http://www.w3.org/2001/XMLSchema">30</xt:value>
    </cus:envValueAssignments>
    <cus:envValueAssignments>
      <xt:envValueType>JCA Always Use WSDL Flag</xt:envValueType>
      <xt:location xsi:nil="true"/>
      <xt:owner>
        <xt:type>BusinessService</xt:type>
        <xt:path>OSB_Juliano_Cervelin/Resources/Legacy/Services/Business/obterDadosConta_db</xt:path>
      </xt:owner>
      <xt:value xsi:type="xs:string" xmlns:xs="http://www.w3.org/2001/XMLSchema">true</xt:value>
    </cus:envValueAssignments>
    <cus:envValueAssignments>
      <xt:envValueType>JCA Connection Mode</xt:envValueType>
      <xt:location xsi:nil="true"/>
      <xt:owner>
        <xt:type>BusinessService</xt:type>
        <xt:path>OSB_Juliano_Cervelin/Resources/Legacy/Services/Business/obterDadosConta_db</xt:path>
      </xt:owner>
      <xt:value xsi:type="xs:string" xmlns:xs="http://www.w3.org/2001/XMLSchema">managed</xt:value>
    </cus:envValueAssignments>
    <cus:envValueAssignments>
      <xt:envValueType>JCA Overwrite Connection Authentication Flag</xt:envValueType>
      <xt:location xsi:nil="true"/>
      <xt:owner>
        <xt:type>BusinessService</xt:type>
        <xt:path>OSB_Juliano_Cervelin/Resources/Legacy/Services/Business/obterDadosConta_db</xt:path>
      </xt:owner>
      <xt:value xsi:type="xs:string" xmlns:xs="http://www.w3.org/2001/XMLSchema">false</xt:value>
    </cus:envValueAssignments>
  </cus:customization>
  <cus:customization xsi:type="cus:FindAndReplaceCustomizationType">
    <cus:description/>
    <cus:query>
      <xt:resourceTypes>ProxyService</xt:resourceTypes>
      <xt:resourceTypes>BusinessService</xt:resourceTypes>
      <xt:envValueTypes>Service Retry Iteration Interval</xt:envValueTypes>
      <xt:envValueTypes>JCA Connection Mode</xt:envValueTypes>
      <xt:envValueTypes>JCA Always Use WSDL Flag</xt:envValueTypes>
      <xt:envValueTypes>UDDI Auto Publish</xt:envValueTypes>
      <xt:envValueTypes>JCA Overwrite Connection Authentication Flag</xt:envValueTypes>
      <xt:envValueTypes>Service URI Weight</xt:envValueTypes>
      <xt:envValueTypes>Secure Connections to JMS Server</xt:envValueTypes>
      <xt:envValueTypes>Service Retry Count</xt:envValueTypes>
      <xt:envValueTypes>Service URI</xt:envValueTypes>
      <xt:refsToSearch xsi:type="xt:ResourceRefType">
        <xt:type>ProxyService</xt:type>
        <xt:path>OSB_Juliano_Cervelin/Resources/Legacy/Services/Proxies/Operations/GetCustomerByCPF</xt:path>
      </xt:refsToSearch>
      <xt:refsToSearch xsi:type="xt:ResourceRefType">
        <xt:type>BusinessService</xt:type>
        <xt:path>OSB_Juliano_Cervelin/Services/Business/gerarTicketEJB</xt:path>
      </xt:refsToSearch>
      <xt:refsToSearch xsi:type="xt:ResourceRefType">
        <xt:type>ProxyService</xt:type>
        <xt:path>OSB_Juliano_Cervelin/Resources/Legacy/Services/Proxies/YUMService</xt:path>
      </xt:refsToSearch>
      <xt:refsToSearch xsi:type="xt:ResourceRefType">
        <xt:type>ProxyService</xt:type>
        <xt:path>OSB_Juliano_Cervelin/Services/Proxies/INOVIXService</xt:path>
      </xt:refsToSearch>
      <xt:refsToSearch xsi:type="xt:ResourceRefType">
        <xt:type>BusinessService</xt:type>
        <xt:path>OSB_Juliano_Cervelin/Services/Business/SolicitarPortabilidadeNumerica</xt:path>
      </xt:refsToSearch>
      <xt:refsToSearch xsi:type="xt:ResourceRefType">
        <xt:type>ProxyService</xt:type>
        <xt:path>OSB_Juliano_Cervelin/Resources/Legacy/Services/Proxies/Operations/ObterStatusFinanceiroCliente</xt:path>
      </xt:refsToSearch>
      <xt:refsToSearch xsi:type="xt:ResourceRefType">
        <xt:type>ProxyService</xt:type>
        <xt:path>OSB_Juliano_Cervelin/Resources/Legacy/Services/Proxies/KGBService</xt:path>
      </xt:refsToSearch>
      <xt:refsToSearch xsi:type="xt:ResourceRefType">
        <xt:type>ProxyService</xt:type>
        <xt:path>OSB_Juliano_Cervelin/Resources/Legacy/Services/Proxies/Operations/UpdateCustomer</xt:path>
      </xt:refsToSearch>
      <xt:refsToSearch xsi:type="xt:ResourceRefType">
        <xt:type>ProxyService</xt:type>
        <xt:path>OSB_Juliano_Cervelin/Resources/Legacy/Services/Proxies/Operations/SolicitarBilhetePortabilidade</xt:path>
      </xt:refsToSearch>
      <xt:refsToSearch xsi:type="xt:ResourceRefType">
        <xt:type>BusinessService</xt:type>
        <xt:path>OSB_Juliano_Cervelin/Resources/Legacy/Services/Business/updateStatusPortabilidade_db</xt:path>
      </xt:refsToSearch>
      <xt:refsToSearch xsi:type="xt:ResourceRefType">
        <xt:type>BusinessService</xt:type>
        <xt:path>OSB_Juliano_Cervelin/Resources/Legacy/Services/Business/obterDadosConta_db</xt:path>
      </xt:refsToSearch>
      <xt:refsToSearch xsi:type="xt:ResourceRefType">
        <xt:type>BusinessService</xt:type>
        <xt:path>OSB_Juliano_Cervelin/Resources/Legacy/Services/Business/getCustomerByCpf_db</xt:path>
      </xt:refsToSearch>
      <xt:refsToSearch xsi:type="xt:ResourceRefType">
        <xt:type>ProxyService</xt:type>
        <xt:path>OSB_Juliano_Cervelin/Resources/Legacy/Services/Proxies/Operations/ObterDadosConta</xt:path>
      </xt:refsToSearch>
      <xt:refsToSearch xsi:type="xt:ResourceRefType">
        <xt:type>ProxyService</xt:type>
        <xt:path>OSB_Juliano_Cervelin/Resources/Legacy/Services/Proxies/APTService</xt:path>
      </xt:refsToSearch>
      <xt:refsToSearch xsi:type="xt:ResourceRefType">
        <xt:type>BusinessService</xt:type>
        <xt:path>OSB_Juliano_Cervelin/Resources/Legacy/Services/Business/obterStatusFinanceiroCliente_db</xt:path>
      </xt:refsToSearch>
      <xt:includeOnlyModifiedResources>false</xt:includeOnlyModifiedResources>
      <xt:searchString>Search String</xt:searchString>
      <xt:isCompleteMatch>false</xt:isCompleteMatch>
    </cus:query>
    <cus:replacement>Replacement String</cus:replacement>
  </cus:customization>
  <cus:customization xsi:type="cus:ReferenceCustomizationType">
    <cus:description/>
    <cus:refsToBeConsidered xsi:type="xt:ResourceRefType">
      <xt:type>ProxyService</xt:type>
      <xt:path>OSB_Juliano_Cervelin/Resources/Legacy/Services/Proxies/Operations/GetCustomerByCPF</xt:path>
    </cus:refsToBeConsidered>
    <cus:refsToBeConsidered xsi:type="xt:ResourceRefType">
      <xt:type>BusinessService</xt:type>
      <xt:path>OSB_Juliano_Cervelin/Services/Business/gerarTicketEJB</xt:path>
    </cus:refsToBeConsidered>
    <cus:refsToBeConsidered xsi:type="xt:ResourceRefType">
      <xt:type>WSDL</xt:type>
      <xt:path>OSB_Juliano_Cervelin/Resources/EBS/wsdl/getCustomerByCpf_db</xt:path>
    </cus:refsToBeConsidered>
    <cus:refsToBeConsidered xsi:type="xt:ResourceRefType">
      <xt:type>BusinessService</xt:type>
      <xt:path>OSB_Juliano_Cervelin/Services/Business/SolicitarPortabilidadeNumerica</xt:path>
    </cus:refsToBeConsidered>
    <cus:refsToBeConsidered xsi:type="xt:ResourceRefType">
      <xt:type>XMLSchema</xt:type>
      <xt:path>OSB_Juliano_Cervelin/Resources/Legacy/Schemas/ParametrosKGB</xt:path>
    </cus:refsToBeConsidered>
    <cus:refsToBeConsidered xsi:type="xt:ResourceRefType">
      <xt:type>ProxyService</xt:type>
      <xt:path>OSB_Juliano_Cervelin/Resources/Legacy/Services/Proxies/Operations/ObterStatusFinanceiroCliente</xt:path>
    </cus:refsToBeConsidered>
    <cus:refsToBeConsidered xsi:type="xt:ResourceRefType">
      <xt:type>ProxyService</xt:type>
      <xt:path>OSB_Juliano_Cervelin/Resources/Legacy/Services/Proxies/KGBService</xt:path>
    </cus:refsToBeConsidered>
    <cus:refsToBeConsidered xsi:type="xt:ResourceRefType">
      <xt:type>ProxyService</xt:type>
      <xt:path>OSB_Juliano_Cervelin/Resources/Legacy/Services/Proxies/Operations/SolicitarBilhetePortabilidade</xt:path>
    </cus:refsToBeConsidered>
    <cus:refsToBeConsidered xsi:type="xt:ResourceRefType">
      <xt:type>XMLSchema</xt:type>
      <xt:path>OSB_Juliano_Cervelin/ModeloCanonico/Portability</xt:path>
    </cus:refsToBeConsidered>
    <cus:refsToBeConsidered xsi:type="xt:ResourceRefType">
      <xt:type>XMLSchema</xt:type>
      <xt:path>OSB_Juliano_Cervelin/Resources/Legacy/Schemas/ParametrosYUM</xt:path>
    </cus:refsToBeConsidered>
    <cus:refsToBeConsidered xsi:type="xt:ResourceRefType">
      <xt:type>BusinessService</xt:type>
      <xt:path>OSB_Juliano_Cervelin/Resources/Legacy/Services/Business/getCustomerByCpf_db</xt:path>
    </cus:refsToBeConsidered>
    <cus:refsToBeConsidered xsi:type="xt:ResourceRefType">
      <xt:type>ProxyService</xt:type>
      <xt:path>OSB_Juliano_Cervelin/Resources/Legacy/Services/Proxies/APTService</xt:path>
    </cus:refsToBeConsidered>
    <cus:refsToBeConsidered xsi:type="xt:ResourceRefType">
      <xt:type>WSDL</xt:type>
      <xt:path>OSB_Juliano_Cervelin/Resources/Adapters/AdapterDBCobol/obterStatusFinanceiroCliente</xt:path>
    </cus:refsToBeConsidered>
    <cus:refsToBeConsidered xsi:type="xt:ResourceRefType">
      <xt:type>BusinessService</xt:type>
      <xt:path>OSB_Juliano_Cervelin/Resources/Legacy/Services/Business/obterStatusFinanceiroCliente_db</xt:path>
    </cus:refsToBeConsidered>
    <cus:refsToBeConsidered xsi:type="xt:ResourceRefType">
      <xt:type>JCA</xt:type>
      <xt:path>OSB_Juliano_Cervelin/Resources/Adapters/AdapterDBCobol/getCustomerByCpf_db</xt:path>
    </cus:refsToBeConsidered>
    <cus:refsToBeConsidered xsi:type="xt:ResourceRefType">
      <xt:type>WSDL</xt:type>
      <xt:path>OSB_Juliano_Cervelin/Resources/Legacy/Contracts/KGBService</xt:path>
    </cus:refsToBeConsidered>
    <cus:refsToBeConsidered xsi:type="xt:ResourceRefType">
      <xt:type>WSDL</xt:type>
      <xt:path>OSB_Juliano_Cervelin/Resources/EBS/wsdl/INOVIXService</xt:path>
    </cus:refsToBeConsidered>
    <cus:refsToBeConsidered xsi:type="xt:ResourceRefType">
      <xt:type>JCA</xt:type>
      <xt:path>OSB_Juliano_Cervelin/Resources/Adapters/AdapterDBCobol/obterDadosConta_db</xt:path>
    </cus:refsToBeConsidered>
    <cus:refsToBeConsidered xsi:type="xt:ResourceRefType">
      <xt:type>WSDL</xt:type>
      <xt:path>OSB_Juliano_Cervelin/Resources/EBS/wsdl/updateStatusPortabilidade_db</xt:path>
    </cus:refsToBeConsidered>
    <cus:refsToBeConsidered xsi:type="xt:ResourceRefType">
      <xt:type>ProxyService</xt:type>
      <xt:path>OSB_Juliano_Cervelin/Resources/Legacy/Services/Proxies/YUMService</xt:path>
    </cus:refsToBeConsidered>
    <cus:refsToBeConsidered xsi:type="xt:ResourceRefType">
      <xt:type>JCA</xt:type>
      <xt:path>OSB_Juliano_Cervelin/Resources/Adapters/AdapterDBCobol/obterStatusFinanceiroCliente_db</xt:path>
    </cus:refsToBeConsidered>
    <cus:refsToBeConsidered xsi:type="xt:ResourceRefType">
      <xt:type>WSDL</xt:type>
      <xt:path>OSB_Juliano_Cervelin/Resources/Adapters/AdapterDBCobol/obterDadosConta</xt:path>
    </cus:refsToBeConsidered>
    <cus:refsToBeConsidered xsi:type="xt:ResourceRefType">
      <xt:type>XMLSchema</xt:type>
      <xt:path>OSB_Juliano_Cervelin/Resources/EBS/xsd/ParametrosINOVIX</xt:path>
    </cus:refsToBeConsidered>
    <cus:refsToBeConsidered xsi:type="xt:ResourceRefType">
      <xt:type>WSDL</xt:type>
      <xt:path>OSB_Juliano_Cervelin/Resources/Legacy/Contracts/APTService</xt:path>
    </cus:refsToBeConsidered>
    <cus:refsToBeConsidered xsi:type="xt:ResourceRefType">
      <xt:type>ProxyService</xt:type>
      <xt:path>OSB_Juliano_Cervelin/Services/Proxies/INOVIXService</xt:path>
    </cus:refsToBeConsidered>
    <cus:refsToBeConsidered xsi:type="xt:ResourceRefType">
      <xt:type>JCA</xt:type>
      <xt:path>OSB_Juliano_Cervelin/Resources/Adapters/AdapterDBCobol/updateStatusPortabilidade_db</xt:path>
    </cus:refsToBeConsidered>
    <cus:refsToBeConsidered xsi:type="xt:ResourceRefType">
      <xt:type>WSDL</xt:type>
      <xt:path>OSB_Juliano_Cervelin/Resources/Legacy/Contracts/YUMService</xt:path>
    </cus:refsToBeConsidered>
    <cus:refsToBeConsidered xsi:type="xt:ResourceRefType">
      <xt:type>WSDL</xt:type>
      <xt:path>OSB_Juliano_Cervelin/Resources/Adapters/AdapterDBCobol/updateStatusPortabilidade</xt:path>
    </cus:refsToBeConsidered>
    <cus:refsToBeConsidered xsi:type="xt:ResourceRefType">
      <xt:type>XMLSchema</xt:type>
      <xt:path>OSB_Juliano_Cervelin/Resources/EBS/xsd/ParametrosGerarTicketEJB</xt:path>
    </cus:refsToBeConsidered>
    <cus:refsToBeConsidered xsi:type="xt:ResourceRefType">
      <xt:type>ProxyService</xt:type>
      <xt:path>OSB_Juliano_Cervelin/Resources/Legacy/Services/Proxies/Operations/UpdateCustomer</xt:path>
    </cus:refsToBeConsidered>
    <cus:refsToBeConsidered xsi:type="xt:ResourceRefType">
      <xt:type>BusinessService</xt:type>
      <xt:path>OSB_Juliano_Cervelin/Resources/Legacy/Services/Business/updateStatusPortabilidade_db</xt:path>
    </cus:refsToBeConsidered>
    <cus:refsToBeConsidered xsi:type="xt:ResourceRefType">
      <xt:type>BusinessService</xt:type>
      <xt:path>OSB_Juliano_Cervelin/Resources/Legacy/Services/Business/obterDadosConta_db</xt:path>
    </cus:refsToBeConsidered>
    <cus:refsToBeConsidered xsi:type="xt:ResourceRefType">
      <xt:type>WSDL</xt:type>
      <xt:path>OSB_Juliano_Cervelin/Resources/EBS/wsdl/obterDadosConta_db</xt:path>
    </cus:refsToBeConsidered>
    <cus:refsToBeConsidered xsi:type="xt:ResourceRefType">
      <xt:type>WSDL</xt:type>
      <xt:path>OSB_Juliano_Cervelin/Resources/EBS/wsdl/obterStatusFinanceiroCliente_db</xt:path>
    </cus:refsToBeConsidered>
    <cus:refsToBeConsidered xsi:type="xt:ResourceRefType">
      <xt:type>XMLSchema</xt:type>
      <xt:path>OSB_Juliano_Cervelin/Resources/EBS/xsd/ParametrosSolicitacaoPortabilidade</xt:path>
    </cus:refsToBeConsidered>
    <cus:refsToBeConsidered xsi:type="xt:ResourceRefType">
      <xt:type>ProxyService</xt:type>
      <xt:path>OSB_Juliano_Cervelin/Resources/Legacy/Services/Proxies/Operations/ObterDadosConta</xt:path>
    </cus:refsToBeConsidered>
    <cus:refsToBeConsidered xsi:type="xt:ResourceRefType">
      <xt:type>WSDL</xt:type>
      <xt:path>OSB_Juliano_Cervelin/Resources/Adapters/AdapterDBCobol/getCustomerByCpf</xt:path>
    </cus:refsToBeConsidered>
    <cus:refsToBeConsidered xsi:type="xt:ResourceRefType">
      <xt:type>XMLSchema</xt:type>
      <xt:path>OSB_Juliano_Cervelin/Resources/Legacy/Schemas/ParametrosAPT</xt:path>
    </cus:refsToBeConsidered>
    <cus:externalReferenceMap>
      <xt:oldRef>
        <xt:type>Xquery</xt:type>
        <xt:path>OSB_Juliano_Cervelin/Resources/Transformations/AdapterObterStatusFinanceiro_To_ObterStatusFinanceiro</xt:path>
      </xt:oldRef>
      <xt:newRef>
        <xt:type>Xquery</xt:type>
        <xt:path>OSB_Juliano_Cervelin/Resources/Transformations/AdapterObterStatusFinanceiro_To_ObterStatusFinanceiro</xt:path>
      </xt:newRef>
    </cus:externalReferenceMap>
    <cus:externalReferenceMap>
      <xt:oldRef>
        <xt:type>BusinessService</xt:type>
        <xt:path>OSB_Juliano_Cervelin/Services/Business/gerarTicketEJB</xt:path>
      </xt:oldRef>
      <xt:newRef>
        <xt:type>BusinessService</xt:type>
        <xt:path>OSB_Juliano_Cervelin/Services/Business/gerarTicketEJB</xt:path>
      </xt:newRef>
    </cus:externalReferenceMap>
    <cus:externalReferenceMap>
      <xt:oldRef>
        <xt:type>XMLSchema</xt:type>
        <xt:path>OSB_Juliano_Cervelin/ModeloCanonico/Operadora</xt:path>
      </xt:oldRef>
      <xt:newRef>
        <xt:type>XMLSchema</xt:type>
        <xt:path>OSB_Juliano_Cervelin/ModeloCanonico/Operadora</xt:path>
      </xt:newRef>
    </cus:externalReferenceMap>
    <cus:externalReferenceMap>
      <xt:oldRef>
        <xt:type>BusinessService</xt:type>
        <xt:path>OSB_Juliano_Cervelin/Services/Business/SolicitarPortabilidadeNumerica</xt:path>
      </xt:oldRef>
      <xt:newRef>
        <xt:type>BusinessService</xt:type>
        <xt:path>OSB_Juliano_Cervelin/Services/Business/SolicitarPortabilidadeNumerica</xt:path>
      </xt:newRef>
    </cus:externalReferenceMap>
    <cus:externalReferenceMap>
      <xt:oldRef>
        <xt:type>ProxyService</xt:type>
        <xt:path>OSB_Juliano_Cervelin/Resources/Legacy/Services/Proxies/Operations/ObterStatusFinanceiroCliente</xt:path>
      </xt:oldRef>
      <xt:newRef>
        <xt:type>ProxyService</xt:type>
        <xt:path>OSB_Juliano_Cervelin/Resources/Legacy/Services/Proxies/Operations/ObterStatusFinanceiroCliente</xt:path>
      </xt:newRef>
    </cus:externalReferenceMap>
    <cus:externalReferenceMap>
      <xt:oldRef>
        <xt:type>XMLSchema</xt:type>
        <xt:path>OSB_Juliano_Cervelin/Resources/Legacy/Schemas/ParametrosKGB</xt:path>
      </xt:oldRef>
      <xt:newRef>
        <xt:type>XMLSchema</xt:type>
        <xt:path>OSB_Juliano_Cervelin/Resources/Legacy/Schemas/ParametrosKGB</xt:path>
      </xt:newRef>
    </cus:externalReferenceMap>
    <cus:externalReferenceMap>
      <xt:oldRef>
        <xt:type>ProxyService</xt:type>
        <xt:path>OSB_Juliano_Cervelin/Resources/Legacy/Services/Proxies/Operations/SolicitarBilhetePortabilidade</xt:path>
      </xt:oldRef>
      <xt:newRef>
        <xt:type>ProxyService</xt:type>
        <xt:path>OSB_Juliano_Cervelin/Resources/Legacy/Services/Proxies/Operations/SolicitarBilhetePortabilidade</xt:path>
      </xt:newRef>
    </cus:externalReferenceMap>
    <cus:externalReferenceMap>
      <xt:oldRef>
        <xt:type>BusinessService</xt:type>
        <xt:path>OSB_Juliano_Cervelin/Resources/Legacy/Services/Business/getCustomerByCpf_db</xt:path>
      </xt:oldRef>
      <xt:newRef>
        <xt:type>BusinessService</xt:type>
        <xt:path>OSB_Juliano_Cervelin/Resources/Legacy/Services/Business/getCustomerByCpf_db</xt:path>
      </xt:newRef>
    </cus:externalReferenceMap>
    <cus:externalReferenceMap>
      <xt:oldRef>
        <xt:type>ProxyService</xt:type>
        <xt:path>OSB_Juliano_Cervelin/Resources/Legacy/Services/Proxies/APTService</xt:path>
      </xt:oldRef>
      <xt:newRef>
        <xt:type>ProxyService</xt:type>
        <xt:path>OSB_Juliano_Cervelin/Resources/Legacy/Services/Proxies/APTService</xt:path>
      </xt:newRef>
    </cus:externalReferenceMap>
    <cus:externalReferenceMap>
      <xt:oldRef>
        <xt:type>Xquery</xt:type>
        <xt:path>OSB_Juliano_Cervelin/Resources/Transformations/GetCustomerByCpf_to_AdapterDBCobol</xt:path>
      </xt:oldRef>
      <xt:newRef>
        <xt:type>Xquery</xt:type>
        <xt:path>OSB_Juliano_Cervelin/Resources/Transformations/GetCustomerByCpf_to_AdapterDBCobol</xt:path>
      </xt:newRef>
    </cus:externalReferenceMap>
    <cus:externalReferenceMap>
      <xt:oldRef>
        <xt:type>XMLSchema</xt:type>
        <xt:path>OSB_Juliano_Cervelin/Resources/Adapters/AdapterDBCobol/xsd/obterDadosConta</xt:path>
      </xt:oldRef>
      <xt:newRef>
        <xt:type>XMLSchema</xt:type>
        <xt:path>OSB_Juliano_Cervelin/Resources/Adapters/AdapterDBCobol/xsd/obterDadosConta</xt:path>
      </xt:newRef>
    </cus:externalReferenceMap>
    <cus:externalReferenceMap>
      <xt:oldRef>
        <xt:type>WSDL</xt:type>
        <xt:path>OSB_Juliano_Cervelin/Resources/Legacy/Contracts/KGBService</xt:path>
      </xt:oldRef>
      <xt:newRef>
        <xt:type>WSDL</xt:type>
        <xt:path>OSB_Juliano_Cervelin/Resources/Legacy/Contracts/KGBService</xt:path>
      </xt:newRef>
    </cus:externalReferenceMap>
    <cus:externalReferenceMap>
      <xt:oldRef>
        <xt:type>WSDL</xt:type>
        <xt:path>OSB_Juliano_Cervelin/Resources/EBS/wsdl/INOVIXService</xt:path>
      </xt:oldRef>
      <xt:newRef>
        <xt:type>WSDL</xt:type>
        <xt:path>OSB_Juliano_Cervelin/Resources/EBS/wsdl/INOVIXService</xt:path>
      </xt:newRef>
    </cus:externalReferenceMap>
    <cus:externalReferenceMap>
      <xt:oldRef>
        <xt:type>Xquery</xt:type>
        <xt:path>OSB_Juliano_Cervelin/Resources/Transformations/ObterStatusFinanceiro_To_AdapterObterStatusFinanceiro</xt:path>
      </xt:oldRef>
      <xt:newRef>
        <xt:type>Xquery</xt:type>
        <xt:path>OSB_Juliano_Cervelin/Resources/Transformations/ObterStatusFinanceiro_To_AdapterObterStatusFinanceiro</xt:path>
      </xt:newRef>
    </cus:externalReferenceMap>
    <cus:externalReferenceMap>
      <xt:oldRef>
        <xt:type>JCA</xt:type>
        <xt:path>OSB_Juliano_Cervelin/Resources/Adapters/AdapterDBCobol/obterDadosConta_db</xt:path>
      </xt:oldRef>
      <xt:newRef>
        <xt:type>JCA</xt:type>
        <xt:path>OSB_Juliano_Cervelin/Resources/Adapters/AdapterDBCobol/obterDadosConta_db</xt:path>
      </xt:newRef>
    </cus:externalReferenceMap>
    <cus:externalReferenceMap>
      <xt:oldRef>
        <xt:type>WSDL</xt:type>
        <xt:path>OSB_Juliano_Cervelin/Resources/EBS/wsdl/updateStatusPortabilidade_db</xt:path>
      </xt:oldRef>
      <xt:newRef>
        <xt:type>WSDL</xt:type>
        <xt:path>OSB_Juliano_Cervelin/Resources/EBS/wsdl/updateStatusPortabilidade_db</xt:path>
      </xt:newRef>
    </cus:externalReferenceMap>
    <cus:externalReferenceMap>
      <xt:oldRef>
        <xt:type>ForeignJNDIProvider</xt:type>
        <xt:path>System/JNDI Providers/JNDIProviderAPT_Juliano</xt:path>
      </xt:oldRef>
      <xt:newRef>
        <xt:type>ForeignJNDIProvider</xt:type>
        <xt:path>System/JNDI Providers/JNDIProviderAPT_Juliano</xt:path>
      </xt:newRef>
    </cus:externalReferenceMap>
    <cus:externalReferenceMap>
      <xt:oldRef>
        <xt:type>WSDL</xt:type>
        <xt:path>OSB_Juliano_Cervelin/Resources/Adapters/AdapterDBCobol/obterDadosConta</xt:path>
      </xt:oldRef>
      <xt:newRef>
        <xt:type>WSDL</xt:type>
        <xt:path>OSB_Juliano_Cervelin/Resources/Adapters/AdapterDBCobol/obterDadosConta</xt:path>
      </xt:newRef>
    </cus:externalReferenceMap>
    <cus:externalReferenceMap>
      <xt:oldRef>
        <xt:type>XMLSchema</xt:type>
        <xt:path>OSB_Juliano_Cervelin/Resources/EBS/xsd/ParametrosINOVIX</xt:path>
      </xt:oldRef>
      <xt:newRef>
        <xt:type>XMLSchema</xt:type>
        <xt:path>OSB_Juliano_Cervelin/Resources/EBS/xsd/ParametrosINOVIX</xt:path>
      </xt:newRef>
    </cus:externalReferenceMap>
    <cus:externalReferenceMap>
      <xt:oldRef>
        <xt:type>Xquery</xt:type>
        <xt:path>OSB_Juliano_Cervelin/Resources/Transformations/SolicitarPortabilidade_To_GetCustomerByCPF</xt:path>
      </xt:oldRef>
      <xt:newRef>
        <xt:type>Xquery</xt:type>
        <xt:path>OSB_Juliano_Cervelin/Resources/Transformations/SolicitarPortabilidade_To_GetCustomerByCPF</xt:path>
      </xt:newRef>
    </cus:externalReferenceMap>
    <cus:externalReferenceMap>
      <xt:oldRef>
        <xt:type>XMLSchema</xt:type>
        <xt:path>OSB_Juliano_Cervelin/Resources/Adapters/AdapterDBCobol/xsd/updateStatusPortabilidade_sp</xt:path>
      </xt:oldRef>
      <xt:newRef>
        <xt:type>XMLSchema</xt:type>
        <xt:path>OSB_Juliano_Cervelin/Resources/Adapters/AdapterDBCobol/xsd/updateStatusPortabilidade_sp</xt:path>
      </xt:newRef>
    </cus:externalReferenceMap>
    <cus:externalReferenceMap>
      <xt:oldRef>
        <xt:type>Xquery</xt:type>
        <xt:path>OSB_Juliano_Cervelin/Resources/Transformations/InovixService_To_SolicitarPortabilidade</xt:path>
      </xt:oldRef>
      <xt:newRef>
        <xt:type>Xquery</xt:type>
        <xt:path>OSB_Juliano_Cervelin/Resources/Transformations/InovixService_To_SolicitarPortabilidade</xt:path>
      </xt:newRef>
    </cus:externalReferenceMap>
    <cus:externalReferenceMap>
      <xt:oldRef>
        <xt:type>WSDL</xt:type>
        <xt:path>OSB_Juliano_Cervelin/Resources/Legacy/Contracts/YUMService</xt:path>
      </xt:oldRef>
      <xt:newRef>
        <xt:type>WSDL</xt:type>
        <xt:path>OSB_Juliano_Cervelin/Resources/Legacy/Contracts/YUMService</xt:path>
      </xt:newRef>
    </cus:externalReferenceMap>
    <cus:externalReferenceMap>
      <xt:oldRef>
        <xt:type>JCA</xt:type>
        <xt:path>OSB_Juliano_Cervelin/Resources/Adapters/AdapterDBCobol/updateStatusPortabilidade_db</xt:path>
      </xt:oldRef>
      <xt:newRef>
        <xt:type>JCA</xt:type>
        <xt:path>OSB_Juliano_Cervelin/Resources/Adapters/AdapterDBCobol/updateStatusPortabilidade_db</xt:path>
      </xt:newRef>
    </cus:externalReferenceMap>
    <cus:externalReferenceMap>
      <xt:oldRef>
        <xt:type>ProxyService</xt:type>
        <xt:path>OSB_Juliano_Cervelin/Resources/Legacy/Services/Proxies/Operations/UpdateCustomer</xt:path>
      </xt:oldRef>
      <xt:newRef>
        <xt:type>ProxyService</xt:type>
        <xt:path>OSB_Juliano_Cervelin/Resources/Legacy/Services/Proxies/Operations/UpdateCustomer</xt:path>
      </xt:newRef>
    </cus:externalReferenceMap>
    <cus:externalReferenceMap>
      <xt:oldRef>
        <xt:type>Xquery</xt:type>
        <xt:path>OSB_Juliano_Cervelin/Resources/Transformations/SolicitarPortabilidadeResponse_To_InovixServiceResponse</xt:path>
      </xt:oldRef>
      <xt:newRef>
        <xt:type>Xquery</xt:type>
        <xt:path>OSB_Juliano_Cervelin/Resources/Transformations/SolicitarPortabilidadeResponse_To_InovixServiceResponse</xt:path>
      </xt:newRef>
    </cus:externalReferenceMap>
    <cus:externalReferenceMap>
      <xt:oldRef>
        <xt:type>WSDL</xt:type>
        <xt:path>OSB_Juliano_Cervelin/Resources/EBS/wsdl/obterStatusFinanceiroCliente_db</xt:path>
      </xt:oldRef>
      <xt:newRef>
        <xt:type>WSDL</xt:type>
        <xt:path>OSB_Juliano_Cervelin/Resources/EBS/wsdl/obterStatusFinanceiroCliente_db</xt:path>
      </xt:newRef>
    </cus:externalReferenceMap>
    <cus:externalReferenceMap>
      <xt:oldRef>
        <xt:type>ProxyService</xt:type>
        <xt:path>OSB_Juliano_Cervelin/Resources/Legacy/Services/Proxies/Operations/ObterDadosConta</xt:path>
      </xt:oldRef>
      <xt:newRef>
        <xt:type>ProxyService</xt:type>
        <xt:path>OSB_Juliano_Cervelin/Resources/Legacy/Services/Proxies/Operations/ObterDadosConta</xt:path>
      </xt:newRef>
    </cus:externalReferenceMap>
    <cus:externalReferenceMap>
      <xt:oldRef>
        <xt:type>XMLSchema</xt:type>
        <xt:path>OSB_Juliano_Cervelin/Resources/EBS/xsd/ParametrosSolicitacaoPortabilidade</xt:path>
      </xt:oldRef>
      <xt:newRef>
        <xt:type>XMLSchema</xt:type>
        <xt:path>OSB_Juliano_Cervelin/Resources/EBS/xsd/ParametrosSolicitacaoPortabilidade</xt:path>
      </xt:newRef>
    </cus:externalReferenceMap>
    <cus:externalReferenceMap>
      <xt:oldRef>
        <xt:type>Archive</xt:type>
        <xt:path>OSB_Juliano_Cervelin/Resources/Jars/GeraTicketPortabilidadeConverter</xt:path>
      </xt:oldRef>
      <xt:newRef>
        <xt:type>Archive</xt:type>
        <xt:path>OSB_Juliano_Cervelin/Resources/Jars/GeraTicketPortabilidadeConverter</xt:path>
      </xt:newRef>
    </cus:externalReferenceMap>
    <cus:externalReferenceMap>
      <xt:oldRef>
        <xt:type>ProxyService</xt:type>
        <xt:path>OSB_Juliano_Cervelin/Resources/Legacy/Services/Proxies/Operations/GetCustomerByCPF</xt:path>
      </xt:oldRef>
      <xt:newRef>
        <xt:type>ProxyService</xt:type>
        <xt:path>OSB_Juliano_Cervelin/Resources/Legacy/Services/Proxies/Operations/GetCustomerByCPF</xt:path>
      </xt:newRef>
    </cus:externalReferenceMap>
    <cus:externalReferenceMap>
      <xt:oldRef>
        <xt:type>Xquery</xt:type>
        <xt:path>OSB_Juliano_Cervelin/Resources/Transformations/AdapterObterDadosContaResponse_To_ObterDadosContaResponse</xt:path>
      </xt:oldRef>
      <xt:newRef>
        <xt:type>Xquery</xt:type>
        <xt:path>OSB_Juliano_Cervelin/Resources/Transformations/AdapterObterDadosContaResponse_To_ObterDadosContaResponse</xt:path>
      </xt:newRef>
    </cus:externalReferenceMap>
    <cus:externalReferenceMap>
      <xt:oldRef>
        <xt:type>Xquery</xt:type>
        <xt:path>OSB_Juliano_Cervelin/Resources/Transformations/GetCustomerByCPFResponse_To_ObterDadosConta</xt:path>
      </xt:oldRef>
      <xt:newRef>
        <xt:type>Xquery</xt:type>
        <xt:path>OSB_Juliano_Cervelin/Resources/Transformations/GetCustomerByCPFResponse_To_ObterDadosConta</xt:path>
      </xt:newRef>
    </cus:externalReferenceMap>
    <cus:externalReferenceMap>
      <xt:oldRef>
        <xt:type>Xquery</xt:type>
        <xt:path>OSB_Juliano_Cervelin/Resources/Transformations/UpdateCustomer_To_updateStatusPortabilidade</xt:path>
      </xt:oldRef>
      <xt:newRef>
        <xt:type>Xquery</xt:type>
        <xt:path>OSB_Juliano_Cervelin/Resources/Transformations/UpdateCustomer_To_updateStatusPortabilidade</xt:path>
      </xt:newRef>
    </cus:externalReferenceMap>
    <cus:externalReferenceMap>
      <xt:oldRef>
        <xt:type>XMLSchema</xt:type>
        <xt:path>OSB_Juliano_Cervelin/ModeloCanonico/AcmeFault</xt:path>
      </xt:oldRef>
      <xt:newRef>
        <xt:type>XMLSchema</xt:type>
        <xt:path>OSB_Juliano_Cervelin/ModeloCanonico/AcmeFault</xt:path>
      </xt:newRef>
    </cus:externalReferenceMap>
    <cus:externalReferenceMap>
      <xt:oldRef>
        <xt:type>WSDL</xt:type>
        <xt:path>OSB_Juliano_Cervelin/Resources/EBS/wsdl/getCustomerByCpf_db</xt:path>
      </xt:oldRef>
      <xt:newRef>
        <xt:type>WSDL</xt:type>
        <xt:path>OSB_Juliano_Cervelin/Resources/EBS/wsdl/getCustomerByCpf_db</xt:path>
      </xt:newRef>
    </cus:externalReferenceMap>
    <cus:externalReferenceMap>
      <xt:oldRef>
        <xt:type>XMLSchema</xt:type>
        <xt:path>OSB_Juliano_Cervelin/Resources/Adapters/AdapterDBCobol/xsd/obterStatusFinanceiroCliente</xt:path>
      </xt:oldRef>
      <xt:newRef>
        <xt:type>XMLSchema</xt:type>
        <xt:path>OSB_Juliano_Cervelin/Resources/Adapters/AdapterDBCobol/xsd/obterStatusFinanceiroCliente</xt:path>
      </xt:newRef>
    </cus:externalReferenceMap>
    <cus:externalReferenceMap>
      <xt:oldRef>
        <xt:type>XMLSchema</xt:type>
        <xt:path>OSB_Juliano_Cervelin/ModeloCanonico/Account</xt:path>
      </xt:oldRef>
      <xt:newRef>
        <xt:type>XMLSchema</xt:type>
        <xt:path>OSB_Juliano_Cervelin/ModeloCanonico/Account</xt:path>
      </xt:newRef>
    </cus:externalReferenceMap>
    <cus:externalReferenceMap>
      <xt:oldRef>
        <xt:type>ProxyService</xt:type>
        <xt:path>OSB_Juliano_Cervelin/Resources/Legacy/Services/Proxies/KGBService</xt:path>
      </xt:oldRef>
      <xt:newRef>
        <xt:type>ProxyService</xt:type>
        <xt:path>OSB_Juliano_Cervelin/Resources/Legacy/Services/Proxies/KGBService</xt:path>
      </xt:newRef>
    </cus:externalReferenceMap>
    <cus:externalReferenceMap>
      <xt:oldRef>
        <xt:type>XMLSchema</xt:type>
        <xt:path>OSB_Juliano_Cervelin/ModeloCanonico/Portability</xt:path>
      </xt:oldRef>
      <xt:newRef>
        <xt:type>XMLSchema</xt:type>
        <xt:path>OSB_Juliano_Cervelin/ModeloCanonico/Portability</xt:path>
      </xt:newRef>
    </cus:externalReferenceMap>
    <cus:externalReferenceMap>
      <xt:oldRef>
        <xt:type>Xquery</xt:type>
        <xt:path>OSB_Juliano_Cervelin/Resources/Transformations/AdapterDBCobol_GetCustomerByCpfResponse</xt:path>
      </xt:oldRef>
      <xt:newRef>
        <xt:type>Xquery</xt:type>
        <xt:path>OSB_Juliano_Cervelin/Resources/Transformations/AdapterDBCobol_GetCustomerByCpfResponse</xt:path>
      </xt:newRef>
    </cus:externalReferenceMap>
    <cus:externalReferenceMap>
      <xt:oldRef>
        <xt:type>XMLSchema</xt:type>
        <xt:path>OSB_Juliano_Cervelin/Resources/Legacy/Schemas/ParametrosYUM</xt:path>
      </xt:oldRef>
      <xt:newRef>
        <xt:type>XMLSchema</xt:type>
        <xt:path>OSB_Juliano_Cervelin/Resources/Legacy/Schemas/ParametrosYUM</xt:path>
      </xt:newRef>
    </cus:externalReferenceMap>
    <cus:externalReferenceMap>
      <xt:oldRef>
        <xt:type>Archive</xt:type>
        <xt:path>OSB_Juliano_Cervelin/Resources/Jars/GeraTicketPortabilidadeClient</xt:path>
      </xt:oldRef>
      <xt:newRef>
        <xt:type>Archive</xt:type>
        <xt:path>OSB_Juliano_Cervelin/Resources/Jars/GeraTicketPortabilidadeClient</xt:path>
      </xt:newRef>
    </cus:externalReferenceMap>
    <cus:externalReferenceMap>
      <xt:oldRef>
        <xt:type>Xquery</xt:type>
        <xt:path>OSB_Juliano_Cervelin/Resources/Transformations/GerarTicketEJB_To_SolicitarBilhetePortabilidadeResponse</xt:path>
      </xt:oldRef>
      <xt:newRef>
        <xt:type>Xquery</xt:type>
        <xt:path>OSB_Juliano_Cervelin/Resources/Transformations/GerarTicketEJB_To_SolicitarBilhetePortabilidadeResponse</xt:path>
      </xt:newRef>
    </cus:externalReferenceMap>
    <cus:externalReferenceMap>
      <xt:oldRef>
        <xt:type>XMLSchema</xt:type>
        <xt:path>OSB_Juliano_Cervelin/ModeloCanonico/PortabilidadeJava</xt:path>
      </xt:oldRef>
      <xt:newRef>
        <xt:type>XMLSchema</xt:type>
        <xt:path>OSB_Juliano_Cervelin/ModeloCanonico/PortabilidadeJava</xt:path>
      </xt:newRef>
    </cus:externalReferenceMap>
    <cus:externalReferenceMap>
      <xt:oldRef>
        <xt:type>Xquery</xt:type>
        <xt:path>OSB_Juliano_Cervelin/Resources/Transformations/ObterDadosConta_To_Adapter_ObterDadosConta</xt:path>
      </xt:oldRef>
      <xt:newRef>
        <xt:type>Xquery</xt:type>
        <xt:path>OSB_Juliano_Cervelin/Resources/Transformations/ObterDadosConta_To_Adapter_ObterDadosConta</xt:path>
      </xt:newRef>
    </cus:externalReferenceMap>
    <cus:externalReferenceMap>
      <xt:oldRef>
        <xt:type>WSDL</xt:type>
        <xt:path>OSB_Juliano_Cervelin/Resources/Adapters/AdapterDBCobol/obterStatusFinanceiroCliente</xt:path>
      </xt:oldRef>
      <xt:newRef>
        <xt:type>WSDL</xt:type>
        <xt:path>OSB_Juliano_Cervelin/Resources/Adapters/AdapterDBCobol/obterStatusFinanceiroCliente</xt:path>
      </xt:newRef>
    </cus:externalReferenceMap>
    <cus:externalReferenceMap>
      <xt:oldRef>
        <xt:type>BusinessService</xt:type>
        <xt:path>OSB_Juliano_Cervelin/Resources/Legacy/Services/Business/obterStatusFinanceiroCliente_db</xt:path>
      </xt:oldRef>
      <xt:newRef>
        <xt:type>BusinessService</xt:type>
        <xt:path>OSB_Juliano_Cervelin/Resources/Legacy/Services/Business/obterStatusFinanceiroCliente_db</xt:path>
      </xt:newRef>
    </cus:externalReferenceMap>
    <cus:externalReferenceMap>
      <xt:oldRef>
        <xt:type>JCA</xt:type>
        <xt:path>OSB_Juliano_Cervelin/Resources/Adapters/AdapterDBCobol/getCustomerByCpf_db</xt:path>
      </xt:oldRef>
      <xt:newRef>
        <xt:type>JCA</xt:type>
        <xt:path>OSB_Juliano_Cervelin/Resources/Adapters/AdapterDBCobol/getCustomerByCpf_db</xt:path>
      </xt:newRef>
    </cus:externalReferenceMap>
    <cus:externalReferenceMap>
      <xt:oldRef>
        <xt:type>XMLSchema</xt:type>
        <xt:path>OSB_Juliano_Cervelin/ModeloCanonico/MensagemRetorno</xt:path>
      </xt:oldRef>
      <xt:newRef>
        <xt:type>XMLSchema</xt:type>
        <xt:path>OSB_Juliano_Cervelin/ModeloCanonico/MensagemRetorno</xt:path>
      </xt:newRef>
    </cus:externalReferenceMap>
    <cus:externalReferenceMap>
      <xt:oldRef>
        <xt:type>Xquery</xt:type>
        <xt:path>OSB_Juliano_Cervelin/Resources/Transformations/SolicitarBilhetePortabilidade_To_SolicitarPortabilidadeNumerica</xt:path>
      </xt:oldRef>
      <xt:newRef>
        <xt:type>Xquery</xt:type>
        <xt:path>OSB_Juliano_Cervelin/Resources/Transformations/SolicitarBilhetePortabilidade_To_SolicitarPortabilidadeNumerica</xt:path>
      </xt:newRef>
    </cus:externalReferenceMap>
    <cus:externalReferenceMap>
      <xt:oldRef>
        <xt:type>ProxyService</xt:type>
        <xt:path>OSB_Juliano_Cervelin/Resources/Legacy/Services/Proxies/YUMService</xt:path>
      </xt:oldRef>
      <xt:newRef>
        <xt:type>ProxyService</xt:type>
        <xt:path>OSB_Juliano_Cervelin/Resources/Legacy/Services/Proxies/YUMService</xt:path>
      </xt:newRef>
    </cus:externalReferenceMap>
    <cus:externalReferenceMap>
      <xt:oldRef>
        <xt:type>XMLSchema</xt:type>
        <xt:path>OSB_Juliano_Cervelin/Resources/Adapters/AdapterDBCobol/xsd/getCustomerByCpf</xt:path>
      </xt:oldRef>
      <xt:newRef>
        <xt:type>XMLSchema</xt:type>
        <xt:path>OSB_Juliano_Cervelin/Resources/Adapters/AdapterDBCobol/xsd/getCustomerByCpf</xt:path>
      </xt:newRef>
    </cus:externalReferenceMap>
    <cus:externalReferenceMap>
      <xt:oldRef>
        <xt:type>JCA</xt:type>
        <xt:path>OSB_Juliano_Cervelin/Resources/Adapters/AdapterDBCobol/obterStatusFinanceiroCliente_db</xt:path>
      </xt:oldRef>
      <xt:newRef>
        <xt:type>JCA</xt:type>
        <xt:path>OSB_Juliano_Cervelin/Resources/Adapters/AdapterDBCobol/obterStatusFinanceiroCliente_db</xt:path>
      </xt:newRef>
    </cus:externalReferenceMap>
    <cus:externalReferenceMap>
      <xt:oldRef>
        <xt:type>WSDL</xt:type>
        <xt:path>OSB_Juliano_Cervelin/Resources/Legacy/Contracts/APTService</xt:path>
      </xt:oldRef>
      <xt:newRef>
        <xt:type>WSDL</xt:type>
        <xt:path>OSB_Juliano_Cervelin/Resources/Legacy/Contracts/APTService</xt:path>
      </xt:newRef>
    </cus:externalReferenceMap>
    <cus:externalReferenceMap>
      <xt:oldRef>
        <xt:type>Xquery</xt:type>
        <xt:path>OSB_Juliano_Cervelin/Resources/Transformations/ErrorHandler</xt:path>
      </xt:oldRef>
      <xt:newRef>
        <xt:type>Xquery</xt:type>
        <xt:path>OSB_Juliano_Cervelin/Resources/Transformations/ErrorHandler</xt:path>
      </xt:newRef>
    </cus:externalReferenceMap>
    <cus:externalReferenceMap>
      <xt:oldRef>
        <xt:type>WSDL</xt:type>
        <xt:path>OSB_Juliano_Cervelin/Resources/Adapters/AdapterDBCobol/updateStatusPortabilidade</xt:path>
      </xt:oldRef>
      <xt:newRef>
        <xt:type>WSDL</xt:type>
        <xt:path>OSB_Juliano_Cervelin/Resources/Adapters/AdapterDBCobol/updateStatusPortabilidade</xt:path>
      </xt:newRef>
    </cus:externalReferenceMap>
    <cus:externalReferenceMap>
      <xt:oldRef>
        <xt:type>BusinessService</xt:type>
        <xt:path>OSB_Juliano_Cervelin/Resources/Legacy/Services/Business/updateStatusPortabilidade_db</xt:path>
      </xt:oldRef>
      <xt:newRef>
        <xt:type>BusinessService</xt:type>
        <xt:path>OSB_Juliano_Cervelin/Resources/Legacy/Services/Business/updateStatusPortabilidade_db</xt:path>
      </xt:newRef>
    </cus:externalReferenceMap>
    <cus:externalReferenceMap>
      <xt:oldRef>
        <xt:type>Xquery</xt:type>
        <xt:path>OSB_Juliano_Cervelin/Resources/Transformations/GetCustomerByCPFResponse_To_UpdateCustomer</xt:path>
      </xt:oldRef>
      <xt:newRef>
        <xt:type>Xquery</xt:type>
        <xt:path>OSB_Juliano_Cervelin/Resources/Transformations/GetCustomerByCPFResponse_To_UpdateCustomer</xt:path>
      </xt:newRef>
    </cus:externalReferenceMap>
    <cus:externalReferenceMap>
      <xt:oldRef>
        <xt:type>BusinessService</xt:type>
        <xt:path>OSB_Juliano_Cervelin/Resources/Legacy/Services/Business/obterDadosConta_db</xt:path>
      </xt:oldRef>
      <xt:newRef>
        <xt:type>BusinessService</xt:type>
        <xt:path>OSB_Juliano_Cervelin/Resources/Legacy/Services/Business/obterDadosConta_db</xt:path>
      </xt:newRef>
    </cus:externalReferenceMap>
    <cus:externalReferenceMap>
      <xt:oldRef>
        <xt:type>WSDL</xt:type>
        <xt:path>OSB_Juliano_Cervelin/Resources/EBS/wsdl/obterDadosConta_db</xt:path>
      </xt:oldRef>
      <xt:newRef>
        <xt:type>WSDL</xt:type>
        <xt:path>OSB_Juliano_Cervelin/Resources/EBS/wsdl/obterDadosConta_db</xt:path>
      </xt:newRef>
    </cus:externalReferenceMap>
    <cus:externalReferenceMap>
      <xt:oldRef>
        <xt:type>WSDL</xt:type>
        <xt:path>OSB_Juliano_Cervelin/Resources/Adapters/AdapterDBCobol/getCustomerByCpf</xt:path>
      </xt:oldRef>
      <xt:newRef>
        <xt:type>WSDL</xt:type>
        <xt:path>OSB_Juliano_Cervelin/Resources/Adapters/AdapterDBCobol/getCustomerByCpf</xt:path>
      </xt:newRef>
    </cus:externalReferenceMap>
    <cus:externalReferenceMap>
      <xt:oldRef>
        <xt:type>XMLSchema</xt:type>
        <xt:path>OSB_Juliano_Cervelin/ModeloCanonico/Customer</xt:path>
      </xt:oldRef>
      <xt:newRef>
        <xt:type>XMLSchema</xt:type>
        <xt:path>OSB_Juliano_Cervelin/ModeloCanonico/Customer</xt:path>
      </xt:newRef>
    </cus:externalReferenceMap>
    <cus:externalReferenceMap>
      <xt:oldRef>
        <xt:type>XMLSchema</xt:type>
        <xt:path>OSB_Juliano_Cervelin/Resources/Legacy/Schemas/ParametrosAPT</xt:path>
      </xt:oldRef>
      <xt:newRef>
        <xt:type>XMLSchema</xt:type>
        <xt:path>OSB_Juliano_Cervelin/Resources/Legacy/Schemas/ParametrosAPT</xt:path>
      </xt:newRef>
    </cus:externalReferenceMap>
  </cus:customization>
</cus:Customizations>